﻿<?xml version="1.0" encoding="utf-8" ?>
<BeamList>
  <Beam>
    <Point1  x="0.00" y="0.00" z="200"/>
    <Point2  x="500" y="0.00" z="200"/>
    <Point3  x="1200" y="300" z="200"/>
    <Point4  x="300" y="200" z="200"/>
    <Point5  x="0" y="300" z="200"/>
    <Point6  x="-300" y="300" z="200"/>
    <Depth depth="1000"/>
  </Beam>

  <Beam>
    <Point1  x="0" y="0" z="0"/>
    <Point2  x="300" y="0" z="0"/>
    <Point3  x="350" y="100" z="0"/>
    <Point4  x="300" y="200" z="0"/>
    <Depth depth="1000"/>
  </Beam>
</BeamList>