<book-data xmlns:ia-index="http://www.intelliarts.com/publishing/index"><bs-map><anchor id="GUID-FD5BCB29-BDE2-4CEE-A98B-695F39D3E1FA" gid="d30e1"/><topic type="concept" gid="d30e14" map-collection-type="unordered" collection-type="unordered" navigational="true" id="GUID-0413D00C-339F-41DD-9B6B-A52D2ED4C0E8" topic-number="0" href="GUID-0413D00C-339F-41DD-9B6B-A52D2ED4C0E8.htm"><anchor id="GUID-0413D00C-339F-41DD-9B6B-A52D2ED4C0E8" gid="d30e14">Freeze drawings</anchor><description/><title id="GUID-6A063360-4D99-419E-AEA7-8A237CE99EE7">Freeze drawings</title><anchor id="GUID-6A063360-4D99-419E-AEA7-8A237CE99EE7" gid="d30e15">Freeze drawings</anchor><topic type="concept" gid="d30e17" map-collection-type="unordered" collection-type="unordered" id="GUID-BF60DBE9-5DE7-42D2-B287-7C19DABD1E5A" topic-number="1" href="GUID-BF60DBE9-5DE7-42D2-B287-7C19DABD1E5A.htm"><anchor id="GUID-BF60DBE9-5DE7-42D2-B287-7C19DABD1E5A" gid="d30e17">General information</anchor><description/><title id="GUID-1975256B-E475-4C8B-BA4A-815E0864A7E8">General information</title><anchor id="GUID-1975256B-E475-4C8B-BA4A-815E0864A7E8" gid="d30e18">General information</anchor><anchor id="GUID-AED8F37E-FAE9-4B8A-9B13-99C0B2FB67BD" gid="d30e21"/><anchor id="GUID-C4B28CCD-8F85-4462-B3C3-02451B8DC9F7" gid="d30e22"/><index gid="d30e24" refID="General information:"/><anchor id="GUID-2F503AF7-DBCB-4C03-A499-4D06AF071394" gid="d30e29"/><anchor id="GUID-1D847964-17B8-4218-8545-BB7FBB5AA955" gid="d30e32"/><anchor id="GUID-E6286C6A-CEEA-4C28-88E5-F92E003C1468" gid="d30e35"/><anchor id="GUID-869E90B1-52EC-4F9F-8900-D8563D1C79AC" gid="d30e37"/><anchor id="GUID-1144120C-04BA-41E1-A694-567DA4FC04B8" gid="d30e39"/><anchor id="GUID-60B9E0C5-CEAC-48EE-960B-913A43C65ED4" gid="d30e44"/></topic><topic type="concept" gid="d30e46" map-collection-type="unordered" collection-type="unordered" id="GUID-74862A86-8591-48E1-9E3C-A54816B9456F" topic-number="2" href="GUID-74862A86-8591-48E1-9E3C-A54816B9456F.htm"><anchor id="GUID-74862A86-8591-48E1-9E3C-A54816B9456F" gid="d30e46">Licensing</anchor><description/><title id="GUID-A47580EF-D3E8-4A6E-9DAE-1CA3BC0740C6">Licensing</title><anchor id="GUID-A47580EF-D3E8-4A6E-9DAE-1CA3BC0740C6" gid="d30e47">Licensing</anchor><anchor id="GUID-4BFADD59-29DA-4EC1-816C-0F457A607212" gid="d30e52"/><index gid="d30e53" refID="Licensing:"/></topic><topic type="concept" gid="d30e58" map-collection-type="unordered" collection-type="unordered" navigational="true" non-unique="true" id="topichead_0" topic-number="3" href="topichead_0.htm"><anchor id="topichead_0" gid="d30e58">Freeze views / drawings</anchor><description/><title>Freeze views / drawings</title><topic type="concept" gid="d30e62" map-collection-type="unordered" collection-type="unordered" id="GUID-7DC56634-17C4-4171-BF0A-D98425162DE7" topic-number="4" href="GUID-7DC56634-17C4-4171-BF0A-D98425162DE7.htm"><anchor id="GUID-7DC56634-17C4-4171-BF0A-D98425162DE7" gid="d30e62">Freeze drawings dialog</anchor><description/><title id="GUID-3F36692F-D14D-4BB3-9EAC-045998758413">Freeze drawings dialog</title><anchor id="GUID-3F36692F-D14D-4BB3-9EAC-045998758413" gid="d30e63">Freeze drawings dialog</anchor><anchor id="GUID-62B7D8EB-3083-4293-974F-98FBBB5674FB" gid="d30e68"/><index gid="d30e69" refID="Freeze drawings - main dialog:"/><anchor id="FIG_28B9DD7F088845FCB52C9C8CBCF3AD62" gid="d30e74"/><anchor id="IMAGE_ED512C9DC931426DB677C4B8BF28001B" gid="d30e75"/><anchor id="UL_FD367A51051C4665A766B693B1F5AFB3" gid="d30e78"/><anchor id="LI_45BBB539A4B043BA9714AFA1F9F317C3" gid="d30e79"/><anchor id="LI_1CB7E8E9022C427792F42CDBF54A8CA5" gid="d30e81"/><anchor id="GUID-09B5B806-0EEA-45E7-8B4C-C0C989671A4E" gid="d30e86"/><anchor id="UL_DD19BE44CC6442D4ABA3F707B4EB066F" gid="d30e90"/><anchor id="LI_870D1B9BACF84441B87AC7B807C4AF71" gid="d30e91"/><anchor id="LI_8C060BA8319C4FA8A9B08D73B026D715" gid="d30e96"/><anchor id="LI_628681B301A54BED854B88DDCEF5AE4C" gid="d30e98"/></topic><topic type="concept" gid="d30e100" map-collection-type="unordered" collection-type="unordered" id="GUID-F8FA3E3C-A759-47D8-AE2F-6F17B47F2A9F" topic-number="5" href="GUID-F8FA3E3C-A759-47D8-AE2F-6F17B47F2A9F.htm"><anchor id="GUID-F8FA3E3C-A759-47D8-AE2F-6F17B47F2A9F" gid="d30e100">Options</anchor><description/><title id="GUID-5ED08DF2-7628-4937-A9A8-E4585EEFAAFA">Options</title><anchor id="GUID-5ED08DF2-7628-4937-A9A8-E4585EEFAAFA" gid="d30e101">Options</anchor><anchor id="GUID-5D52B6B4-D91E-4F52-8736-72D8D3E6E913" gid="d30e106"/><index gid="d30e107" refID="Options:"/><anchor id="FIG_85136FBDA930464FBFA1B0C3444CBC60" gid="d30e115"/><anchor id="IMAGE_AB310D64EC684C438B774414CB3FAFA3" gid="d30e116"/><anchor id="UL_4123CA86C46D489BBF353C12B16F2EF7" gid="d30e119"/><anchor id="LI_A4E1550431CD4E08AE8CCF00C7384644" gid="d30e120"/><anchor id="LI_40F040BF584F48BAA5826E7C92ABE56B" gid="d30e125"/><anchor id="LI_613A7C332ABC4002B159B88B5DA771BC" gid="d30e127"/><anchor id="UL_993136B3558340C181A1EF45E85EF8BC" gid="d30e129"/><anchor id="LI_AA39467D25254A0CB70689C7F4D68A11" gid="d30e130"/><anchor id="LI_51A156CC4D6D40C5B9E97E772EEF2473" gid="d30e132"/><anchor id="LI_A40A70AD5D2E4BF587C481919870F3CA" gid="d30e134"/><anchor id="LI_DB68BD69E65E41238CF07001B29FAB21" gid="d30e137"/></topic><topic type="concept" gid="d30e142" map-collection-type="unordered" collection-type="unordered" id="GUID-F40FC4B3-4F97-43F1-9692-474A65D02FFB" topic-number="6" href="GUID-F40FC4B3-4F97-43F1-9692-474A65D02FFB.htm"><anchor id="GUID-F40FC4B3-4F97-43F1-9692-474A65D02FFB" gid="d30e142">Selected views</anchor><description/><title id="GUID-C0DD4551-CEE2-4507-95E9-3F5D7BF14E49">Selected views</title><anchor id="GUID-C0DD4551-CEE2-4507-95E9-3F5D7BF14E49" gid="d30e143">Selected views</anchor><anchor id="GUID-EA6DCE39-17B1-4475-93BD-EBE29408D9A2" gid="d30e148"/><index gid="d30e149" refID="Selected views:"/><anchor id="FIG_5A1E7084D3824C579F85B634266B41F3" gid="d30e157"/><anchor id="IMAGE_8A2D432D287546D8A6FE118110C31A01" gid="d30e158"/><anchor id="UL_F2B7AAB9A37B49349901542AE9A30F46" gid="d30e161"/><anchor id="LI_88F4D5F4D22A4137BA3E25BE461CB219" gid="d30e162"/><anchor id="LI_CF0A27D2E6A04BD2AA70FBB263661373" gid="d30e164"/></topic><topic type="concept" gid="d30e166" map-collection-type="unordered" collection-type="unordered" id="GUID-7D98DB2E-5D91-49B3-B364-0740C1B0B08C" topic-number="7" href="GUID-7D98DB2E-5D91-49B3-B364-0740C1B0B08C.htm"><anchor id="GUID-7D98DB2E-5D91-49B3-B364-0740C1B0B08C" gid="d30e166">Export options</anchor><description/><title id="GUID-D3CD6FE8-41E4-4FB1-970B-97896C42C28F">Export options</title><anchor id="GUID-D3CD6FE8-41E4-4FB1-970B-97896C42C28F" gid="d30e167">Export options</anchor><anchor id="GUID-C1A93900-2758-4ED1-823A-FCB080D2E53D" gid="d30e171"/><index gid="d30e173" refID="Export options:"/><anchor id="FIG_5B431AAA92354EA5B12739DD1283ACC4" gid="d30e181"/><anchor id="IMAGE_82B1D8BD23A445EF8FAE2489D5148DAF" gid="d30e182"/><anchor id="UL_CFF39464BA1F4E0DB6E4DA98E2906520" gid="d30e185"/><anchor id="LI_3274F3642B1044FF959E1F7A5EC7A15F" gid="d30e186"/><anchor id="UL_C683B1D17C1643C983A64DEA950070A3" gid="d30e188"/><anchor id="LI_475D572217F74F5BA6AB568433A5784E" gid="d30e189"/><anchor id="LI_ED910C6C82E74CD5BCD002A4B687BC91" gid="d30e191"/><anchor id="LI_BEB6868A6E7B46B082BE143DC4373E32" gid="d30e193"/><anchor id="LI_BCC36501826E4DE0BA2281BB539F0C36" gid="d30e196"/><anchor id="UL_B228ACF4197E46829695C0CD9FCA492C" gid="d30e198"/><anchor id="LI_A81DA1AD21E24E689954845857B4E50F" gid="d30e199"/><anchor id="LI_356E1CC15A8E4F43843F27B1BF53B81A" gid="d30e201"/><anchor id="LI_E3DF6CE8ED0A4D798EEE738591B9FC5E" gid="d30e203"/><anchor id="LI_083D49BC4F844D64B4D6807EF65F2CC5" gid="d30e205"/><anchor id="LI_018C45C8D3C64E739E5424B7BB253B4F" gid="d30e207"/><anchor id="LI_BF57EAF2D49E410FA8770EF8CA8D34F3" gid="d30e210"/><anchor id="UL_1C66BCD9A338495393502836E7178366" gid="d30e212"/><anchor id="LI_C42B64B2C27C46E49161AFD4BF880096" gid="d30e213"/><anchor id="LI_FC025568ADCE4D11ACFED3AAD08282D6" gid="d30e215"/><anchor id="LI_D10F45CC76AF4A079F5419358648065D" gid="d30e217"/><anchor id="LI_88E1E5625657486D8BA6620F76E81AF0" gid="d30e220"/><anchor id="UL_F19838D550E242AFB9448890EA7317B6" gid="d30e222"/><anchor id="LI_80CF56580DA34EE7AB111E34585439B7" gid="d30e223"/><anchor id="LI_FFCCD47F62C14F1A9B682993D4A013FB" gid="d30e225"/><anchor id="LI_A3BE4E3AA47148F7AB50E9FC673B0EE9" gid="d30e228"/><anchor id="UL_DFDB4B13D2CA40B4B33CFDF15125A5F7" gid="d30e230"/><anchor id="LI_18B56599936F4BFCAE049DF8EA907D04" gid="d30e231"/><anchor id="LI_156950F8151B4CA6A417591F7C276D2B" gid="d30e233"/><anchor id="LI_059F35E2A18A4C4C8CDE77D4AF78599F" gid="d30e235"/><anchor id="LI_A0E4204D13884C20ACC26AB0DAB5846F" gid="d30e237"/><anchor id="LI_637EDC54D22149FF828AD5F2E815BC8B" gid="d30e239"/><anchor id="LI_3C0771BFBF5749C0BCCD31CE45F231D7" gid="d30e242"/></topic><topic type="concept" gid="d30e244" map-collection-type="unordered" collection-type="unordered" id="GUID-7547A20F-5CE1-4824-9B62-C61034C2190B" topic-number="8" href="GUID-7547A20F-5CE1-4824-9B62-C61034C2190B.htm"><anchor id="GUID-7547A20F-5CE1-4824-9B62-C61034C2190B" gid="d30e244">Save frozen drawings on the disk</anchor><description/><title id="GUID-C60F5A9D-8CCC-42A2-B089-43D59A9EE669">Save frozen drawings on the disk</title><anchor id="GUID-C60F5A9D-8CCC-42A2-B089-43D59A9EE669" gid="d30e245">Save frozen drawings on the disk</anchor><anchor id="GUID-F8F6CF57-3AC8-4F5E-B6E0-8702CDFDF379" gid="d30e249"/><index gid="d30e251" refID="Save frozen drawings on the disk:"/><anchor id="UL_B4C254F8A5F84DB2AC37C22BE16055F4" gid="d30e259"/><anchor id="LI_6D69B70DD5814F339E17C7DC965DD6BD" gid="d30e260"/><anchor id="LI_77277E4BD8CB4C3E9A90404F9953BCD6" gid="d30e262"/><anchor id="LI_CAC4C64D39674E26987207FC0D15928D" gid="d30e264"/><anchor id="FIG_2C7A6DA4F2EF45D1BBAA968D668C2F2D" gid="d30e276"/><anchor id="IMAGE_DDDC5BB81B85456393C725093E76548A" gid="d30e277"/></topic></topic></topic></bs-map><index-data><ia-index:index.groups xmlns:ditaarch="http://dita.oasis-open.org/architecture/2005/"><ia-index:index.group><ia-index:label>E</ia-index:label><ia-index:index.entry><ia-index:entry-text>Export options</ia-index:entry-text><ia-index:refID href="./files/GUID-7D98DB2E-5D91-49B3-B364-0740C1B0B08C.htm" refID="Export options:">Export options</ia-index:refID></ia-index:index.entry></ia-index:index.group><ia-index:index.group><ia-index:label>F</ia-index:label><ia-index:index.entry><ia-index:entry-text>Freeze drawings - main dialog</ia-index:entry-text><ia-index:refID href="./files/GUID-7DC56634-17C4-4171-BF0A-D98425162DE7.htm" refID="Freeze drawings - main dialog:">Freeze drawings dialog</ia-index:refID></ia-index:index.entry></ia-index:index.group><ia-index:index.group><ia-index:label>G</ia-index:label><ia-index:index.entry><ia-index:entry-text>General information</ia-index:entry-text><ia-index:refID href="./files/GUID-BF60DBE9-5DE7-42D2-B287-7C19DABD1E5A.htm" refID="General information:">General information</ia-index:refID></ia-index:index.entry></ia-index:index.group><ia-index:index.group><ia-index:label>L</ia-index:label><ia-index:index.entry><ia-index:entry-text>Licensing</ia-index:entry-text><ia-index:refID href="./files/GUID-74862A86-8591-48E1-9E3C-A54816B9456F.htm" refID="Licensing:">Licensing</ia-index:refID></ia-index:index.entry></ia-index:index.group><ia-index:index.group><ia-index:label>O</ia-index:label><ia-index:index.entry><ia-index:entry-text>Options</ia-index:entry-text><ia-index:refID href="./files/GUID-F8FA3E3C-A759-47D8-AE2F-6F17B47F2A9F.htm" refID="Options:">Options</ia-index:refID></ia-index:index.entry></ia-index:index.group><ia-index:index.group><ia-index:label>S</ia-index:label><ia-index:index.entry><ia-index:entry-text>Save frozen drawings on the disk</ia-index:entry-text><ia-index:refID href="./files/GUID-7547A20F-5CE1-4824-9B62-C61034C2190B.htm" refID="Save frozen drawings on the disk:">Save frozen drawings on the disk</ia-index:refID></ia-index:index.entry><ia-index:index.entry><ia-index:entry-text>Selected views</ia-index:entry-text><ia-index:refID href="./files/GUID-F40FC4B3-4F97-43F1-9692-474A65D02FFB.htm" refID="Selected views:">Selected views</ia-index:refID></ia-index:index.entry></ia-index:index.group></ia-index:index.groups></index-data></book-data>