﻿<?xml version="1.0" encoding="utf-8"?>
<Settings>
  <Products>
    <!-- This Section defines for which product the actions should trigger. All the found will be manipulated.
         For more Revit Product codes see:
         http://thebuildingcoder.typepad.com/blog/2009/02/revit-install-path-and-product-guids.html
    -->
    <Product name="RAC 2010 64-bit" id="{2A8EEE2F-4A9E-43d8-AA07-EC8A316B2DEB}" inifile="Program\Revit.ini"/>
    <Product name="RME 2010 64-bit" id="{A1BD042B-8A6F-4e37-92A3-78921BB45B05}" inifile="Program\Revit.ini"/>
    <Product name="RST 2010 64-bit" id="{BC9C0A08-DEA4-4138-A7FB-8F68866DB0C1}" inifile="Program\Revit.ini"/>

    <Product name="RAC 2010 32-bit" id="{572FBF5D-3BAA-42ff-A468-A54C2C0A17C3}" inifile="Program\Revit.ini"/>
    <Product name="RME 2010 32-bit" id="{5C8281B1-B927-495a-A0FF-AB4BDFAE505C}" inifile="Program\Revit.ini"/>
    <Product name="RST 2010 32-bit" id="{939D29FC-B82D-42a7-BB1E-8E3F121505CC}" inifile="Program\Revit.ini"/>

    <!--<Product name="RAC 2009 64-bit" id="{D2466208-7348-4214-B01E-7BC8729E2BD3}" inifile="Program\Revit.ini"/>
    <Product name="RME 2009 64-bit" id="{4A98F976-01B5-40e8-A496-AEFD85C3A446}" inifile="Program\Revit.ini"/>
    <Product name="RST 2009 64-bit" id="{B354FCF5-CF64-4fa2-AA84-9D9B2A6FA649}" inifile="Program\Revit.ini"/>-->

    <!--<Product name="RAC 2009 32-bit" id="{A3A37DA6-70C0-497C-BCB1-148E9EC1D32E}" inifile="Program\Revit.ini"/>
    <Product name="RME 2009 32-bit" id="{E3781DCB-A650-4E66-9B74-67A1B17F052C}" inifile="Program\Revit.ini"/>
    <Product name="RST 2009 32-bit" id="{C4B3B3C3-2EE9-48D3-9BF5-4443F7ECF759}" inifile="Program\Revit.ini"/>-->

  </Products>
  <Actions>
    <!-- This section specifies the actions, for install and with option '-u' for the uninstall. 
         If the attribute replaceDuplicate is supplied, then the program will first try to find the matching
         entry and if found, all entries of that index will be replaced.
         Hint: The variable $(TARGET_PATH) will be replaced with the value passed by the option -p
         Important: For indexed entries you should specify all entry names even if you don't use them all, otherwise
                    uninstall might corrupt the ini file.
    -->
    <!-- Action type="AddIndexedEntry" section="ExternalApplications" counter="EACount" replaceDuplicate="EAClassName">
      <Entry name="EAClassName" value="RevitTest.Application"/>
      <Entry name="EAAssembly" value="$(TARGET_PATH)\RevitTest.dll"/>
    </Action -->
    <Action type="AddIndexedEntry" section="ExternalCommands" counter="ECCount" replaceDuplicate="ECClassName">
      <Entry name="ECClassName" value="RevitTest.CmdRevitTest"/>
      <Entry name="ECAssembly" value="$(TARGET_PATH)\RevitTest.dll"/>
      <Entry name="ECName" value="GEM RevitTest"/>
      <Entry name="ECDescription" value="Testing LoadFamily and ILoadOptions in modeless and modal dialogs"/>
    </Action>
  </Actions>
</Settings>