<Main>
  <Copy>
    <File>Plane.dll</File>
    <Directory>en-US</Directory>
    <Directory>ru-RU</Directory>
    <ToFolder>Plane</ToFolder>
  </Copy>
  <Name>Рабочая плоскость</Name>
  <AddOnFile>Plane.dll</AddOnFile>
  <ManifestFileName>Plane</ManifestFileName>
  <Manifest>
    <App>
      <FullClassName>Plane.App</FullClassName>
      <Name>Рабочая плоскость</Name>
      <AddinId>322993c4-c849-4ef1-a652-5f81da4a5d28</AddinId>
    </App>
    <command>
      <FullClassName>Plane.Plane</FullClassName>
      <Text>Рабочая плоскость</Text>
      <AvailabilityClassName>
      </AvailabilityClassName>
      <AddInId>3ebc2824-d343-4368-8330-a22f92741c9a</AddInId>
      <Description>Создает рабочую плоскость по 3 правилам.</Description>
      <LongDescription>Создает рабочую плоскость по 3 правилам.</LongDescription>
    </command>
  </Manifest>
</Main>