<?xml version="1.0" encoding="UTF-8"?><?xml-stylesheet type='text/xsl' href='_UpgradeReport_Files/UpgradeReport.xslt'?><UpgradeLog>
<Properties><Property Name="Solution" Value="UnitConversions">
</Property><Property Name="Solution File" Value="C:\Users\howarth\Downloads\unitconversion\src\UnitConversions\UnitConversions.sln">
</Property><Property Name="Date" Value="Friday, 21 January 2011">
</Property><Property Name="Time" Value="11:24 AM">
</Property></Properties><Event ErrorLevel="0" Project="" Source="UnitConversions.sln" Description="File successfully backed up as C:\Users\howarth\Downloads\unitconversion\src\UnitConversions\Backup\UnitConversions.sln">
</Event><Event ErrorLevel="0" Project="UnitConversions" Source="UnitConversions.csproj" Description="Project file successfully backed up as C:\Users\howarth\Downloads\unitconversion\src\UnitConversions\Backup\UnitConversions.csproj">
</Event><Event ErrorLevel="0" Project="UnitConversions" Source="UnitConversions.csproj.user" Description="Project user file successfully backed up as C:\Users\howarth\Downloads\unitconversion\src\UnitConversions\Backup\UnitConversions.csproj.user">
</Event><Event ErrorLevel="0" Project="UnitConversions" Source="Classes\UnitFunctions.cs" Description="File successfully backed up as C:\Users\howarth\Downloads\unitconversion\src\UnitConversions\Backup\Classes\UnitFunctions.cs">
</Event><Event ErrorLevel="0" Project="UnitConversions" Source="Command.cs" Description="File successfully backed up as C:\Users\howarth\Downloads\unitconversion\src\UnitConversions\Backup\Command.cs">
</Event><Event ErrorLevel="0" Project="UnitConversions" Source="Forms\frmUnitConversions.cs" Description="File successfully backed up as C:\Users\howarth\Downloads\unitconversion\src\UnitConversions\Backup\Forms\frmUnitConversions.cs">
</Event><Event ErrorLevel="0" Project="UnitConversions" Source="Forms\frmUnitConversions.Designer.cs" Description="File successfully backed up as C:\Users\howarth\Downloads\unitconversion\src\UnitConversions\Backup\Forms\frmUnitConversions.Designer.cs">
</Event><Event ErrorLevel="0" Project="UnitConversions" Source="Properties\AssemblyInfo.cs" Description="File successfully backed up as C:\Users\howarth\Downloads\unitconversion\src\UnitConversions\Backup\Properties\AssemblyInfo.cs">
</Event><Event ErrorLevel="0" Project="UnitConversions" Source="Revit.ini" Description="File successfully backed up as C:\Users\howarth\Downloads\unitconversion\src\UnitConversions\Backup\Revit.ini">
</Event><Event ErrorLevel="0" Project="UnitConversions" Source="Test Family.rfa" Description="File successfully backed up as C:\Users\howarth\Downloads\unitconversion\src\UnitConversions\Backup\Test Family.rfa">
</Event><Event ErrorLevel="0" Project="UnitConversions" Source="Forms\frmUnitConversions.resx" Description="File successfully backed up as C:\Users\howarth\Downloads\unitconversion\src\UnitConversions\Backup\Forms\frmUnitConversions.resx">
</Event><Event ErrorLevel="0" Project="UnitConversions" Source="UnitConversions.csproj" Description="Project converted successfully">
</Event><Event ErrorLevel="3" Project="UnitConversions" Source="UnitConversions.csproj" Description="Converted">
</Event><Event ErrorLevel="0" Project="" Source="UnitConversions.sln" Description="Solution converted successfully">
</Event><Event ErrorLevel="3" Project="" Source="UnitConversions.sln" Description="Converted">
</Event><Event ErrorLevel="0" Project="UnitConversions" Source="UnitConversions.csproj" Description="Scan complete: Upgrade not required for project files.">
</Event></UpgradeLog>