<Main>
  <Copy>
    <File>Plane.dll</File>
    <Directory>en-US</Directory>
    <Directory>ru-RU</Directory>
    <ToFolder>Plane</ToFolder>
  </Copy>
  <Name>Sketchplane</Name>
  <AddOnFile>Plane.dll</AddOnFile>
  <ManifestFileName>Plane</ManifestFileName>
  <Manifest>
    <App>
      <FullClassName>Plane.App</FullClassName>
      <Name>Sketchplane</Name>
      <AddinId>dd35a56f-5c2f-4f13-a0f5-c1d186689049</AddinId>
    </App>
    <command>
      <FullClassName>Plane.Plane</FullClassName>
      <Text>Sketchplane</Text>
      <AvailabilityClassName>
      </AvailabilityClassName>
      <AddInId>6d4de924-3f14-4fa6-a999-713ac668d92d</AddInId>
      <Description>Creates a skatchplane by 3 rules.</Description>
      <LongDescription>Creates a skatchplane by 3 rules.</LongDescription>
    </command>
  </Manifest>
</Main>